mutation_id	sample_id	cluster_id	cellular_prevalence	cellular_prevalence_std	variant_allele_frequency
chr10_120070396_120070396_T_C	PD021-F2_1607_pyclone	0	0.9717328802165166	0.022449688966954796	0.5760869565217391
chr10_120070396_120070396_T_C	PD021-F0_456_pyclone	0	0.9778787684046638	0.04421567478473252	0.44881889763779526
chr10_120070396_120070396_T_C	PD021-VB14_PDX21_F1_pyclone	0	0.9857875526091343	0.03139125506966891	0.43870967741935485
chr10_127585221_127585221_C_T	PD021-F2_1607_pyclone	3	0.22260031100086985	0.12788284094967178	0.1111111111111111
chr10_127585221_127585221_C_T	PD021-F0_456_pyclone	3	0.19930686319342855	0.10902122400229433	0.0
chr10_127585221_127585221_C_T	PD021-VB14_PDX21_F1_pyclone	3	0.3003958048863209	0.11399115382053004	0.17307692307692307
chr10_135381758_135381758_G_A	PD021-F2_1607_pyclone	0	0.9736341405158807	0.01874965040135766	0.5283018867924528
chr10_135381758_135381758_G_A	PD021-F0_456_pyclone	0	0.9834619814014106	0.03107714988105676	0.5892857142857143
chr10_135381758_135381758_G_A	PD021-VB14_PDX21_F1_pyclone	0	0.988841553574945	0.03592054116069208	0.49382716049382713
chr10_30918549_30918549_G_C	PD021-F2_1607_pyclone	3	0.1544776633108371	0.04349474688934565	0.04878048780487805
chr10_30918549_30918549_G_C	PD021-F0_456_pyclone	3	0.14566402677869225	0.03922461943490819	0.047058823529411764
chr10_30918549_30918549_G_C	PD021-VB14_PDX21_F1_pyclone	3	0.26391238353066604	0.11363054544217252	0.16666666666666666
chr10_31810155_31810155_A_C	PD021-F2_1607_pyclone	11	0.9210026381494978	0.06312540493207842	0.5248868778280543
chr10_31810155_31810155_A_C	PD021-F0_456_pyclone	11	0.9339277823371912	0.05713387028333811	0.5082508250825083
chr10_31810155_31810155_A_C	PD021-VB14_PDX21_F1_pyclone	11	0.020253622923297538	0.03157181794860289	0.006802721088435374
chr10_50105587_50105587_C_T	PD021-F2_1607_pyclone	0	0.9725688732072247	0.02586158546370845	0.5854922279792746
chr10_50105587_50105587_C_T	PD021-F0_456_pyclone	0	0.9824340611470217	0.019747426395799506	0.47307692307692306
chr10_50105587_50105587_C_T	PD021-VB14_PDX21_F1_pyclone	0	0.9886666825323206	0.026368517447247938	0.44642857142857145
chr11_117712672_117712672_C_T	PD021-F2_1607_pyclone	13	0.3652927146488708	0.2190012507463097	0.13953488372093023
chr11_117712672_117712672_C_T	PD021-F0_456_pyclone	13	0.06303358695766648	0.0741531091914142	0.0
chr11_117712672_117712672_C_T	PD021-VB14_PDX21_F1_pyclone	13	0.03990368607128173	0.03940138561978891	0.0
chr11_119207434_119207434_C_G	PD021-F2_1607_pyclone	0	0.9710474136527857	0.027275662824409352	0.4649122807017544
chr11_119207434_119207434_C_G	PD021-F0_456_pyclone	0	0.9831251240093873	0.017513902568629554	0.5517241379310345
chr11_119207434_119207434_C_G	PD021-VB14_PDX21_F1_pyclone	0	0.9898570292827653	0.015619882024002215	0.5483870967741935
chr11_124856587_124856587_T_G	PD021-F2_1607_pyclone	8	0.5631749401844945	0.14651672637360294	0.34782608695652173
chr11_124856587_124856587_T_G	PD021-F0_456_pyclone	8	0.43786398592184655	0.13673718207760666	0.2
chr11_124856587_124856587_T_G	PD021-VB14_PDX21_F1_pyclone	8	0.46914144540834934	0.1392477066777642	0.2553191489361702
chr11_128681447_128681447_C_T	PD021-F2_1607_pyclone	1	0.003341588545728438	0.02384061594460475	0.0
chr11_128681447_128681447_C_T	PD021-F0_456_pyclone	1	0.0046512390760434594	0.021882676652665793	0.0
chr11_128681447_128681447_C_T	PD021-VB14_PDX21_F1_pyclone	1	0.9518154492535558	0.045116360408594514	0.425531914893617
chr11_132813533_132813533_G_A	PD021-F2_1607_pyclone	0	0.9681146151092084	0.03484483034317867	0.4583333333333333
chr11_132813533_132813533_G_A	PD021-F0_456_pyclone	0	0.9803979159235177	0.030512982926189924	0.5789473684210527
chr11_132813533_132813533_G_A	PD021-VB14_PDX21_F1_pyclone	0	0.9869745958257504	0.028601616050265958	0.5
chr11_18428653_18428653_T_C	PD021-F2_1607_pyclone	20	0.7769386116586361	0.17674854156220673	0.40540540540540543
chr11_18428653_18428653_T_C	PD021-F0_456_pyclone	20	0.7260137152955268	0.2091338432469456	0.3793103448275862
chr11_18428653_18428653_T_C	PD021-VB14_PDX21_F1_pyclone	20	0.6575857500984688	0.22905991055165328	0.23529411764705882
chr11_18428655_18428655_C_T	PD021-F2_1607_pyclone	0	0.9450737801980749	0.0647771501520259	0.5
chr11_18428655_18428655_C_T	PD021-F0_456_pyclone	0	0.9398795364640317	0.09762810937210953	0.4
chr11_18428655_18428655_C_T	PD021-VB14_PDX21_F1_pyclone	0	0.9349231835250688	0.11749232995881605	0.3283582089552239
chr11_61026259_61026259_C_T	PD021-F2_1607_pyclone	0	0.9687434787974396	0.03921452651624665	0.43902439024390244
chr11_61026259_61026259_C_T	PD021-F0_456_pyclone	0	0.9830513825698453	0.02012877411571432	0.6756756756756757
chr11_61026259_61026259_C_T	PD021-VB14_PDX21_F1_pyclone	0	0.9889938606213016	0.024229000722174186	0.5348837209302325
chr11_64031247_64031247_A_T	PD021-F2_1607_pyclone	0	0.9613275349451934	0.041661839831482306	0.470873786407767
chr11_64031247_64031247_A_T	PD021-F0_456_pyclone	0	0.9689040561009016	0.04714105392094107	0.4626865671641791
chr11_64031247_64031247_A_T	PD021-VB14_PDX21_F1_pyclone	0	0.9687024673494974	0.06721600188471541	0.38405797101449274
chr11_74980163_74980163_C_T	PD021-F2_1607_pyclone	0	0.9655339069668939	0.042319510850310174	0.43243243243243246
chr11_74980163_74980163_C_T	PD021-F0_456_pyclone	0	0.9819609565391005	0.020587241126102808	0.5263157894736842
chr11_74980163_74980163_C_T	PD021-VB14_PDX21_F1_pyclone	0	0.9890438297884404	0.017290612186990063	0.6190476190476191
chr11_94758880_94758880_A_G	PD021-F2_1607_pyclone	0	0.9488096704501987	0.06198306733843397	0.4166666666666667
chr11_94758880_94758880_A_G	PD021-F0_456_pyclone	0	0.9516172449023106	0.08206641052389642	0.3793103448275862
chr11_94758880_94758880_A_G	PD021-VB14_PDX21_F1_pyclone	0	0.9627574620974175	0.06958808712984274	0.4305555555555556
chr12_108985804_108985804_C_T	PD021-F2_1607_pyclone	0	0.9739961404284783	0.031403953515977	0.961038961038961
chr12_108985804_108985804_C_T	PD021-F0_456_pyclone	0	0.9847127862138104	0.012189963928645055	0.987012987012987
chr12_108985804_108985804_C_T	PD021-VB14_PDX21_F1_pyclone	0	0.9912544365426869	0.018539324608632408	1.0
chr12_119563262_119563262_C_T	PD021-F2_1607_pyclone	0	0.9169312993884473	0.14310039131787916	0.46
chr12_119563262_119563262_C_T	PD021-F0_456_pyclone	0	0.9158872639145599	0.17177720192708404	0.4482758620689655
chr12_119563262_119563262_C_T	PD021-VB14_PDX21_F1_pyclone	0	0.9211165084009594	0.17251296560733423	0.41509433962264153
chr12_123497247_123497247_C_T	PD021-F2_1607_pyclone	0	0.9745042271095159	0.020779468147526403	1.0
chr12_123497247_123497247_C_T	PD021-F0_456_pyclone	0	0.9845280505233234	0.01207989720558739	1.0
chr12_123497247_123497247_C_T	PD021-VB14_PDX21_F1_pyclone	0	0.9913690560570975	0.018940722165050196	1.0
chr12_43926044_43926044_A_G	PD021-F2_1607_pyclone	0	0.9743768087249682	0.021351420687671412	1.0
chr12_43926044_43926044_A_G	PD021-F0_456_pyclone	0	0.9847004276820506	0.0124120227076246	1.0
chr12_43926044_43926044_A_G	PD021-VB14_PDX21_F1_pyclone	0	0.9912802809979572	0.017802027032507082	1.0
chr12_54735999_54735999_G_A	PD021-F2_1607_pyclone	0	0.9595223399161509	0.06945618279317911	0.47191011235955055
chr12_54735999_54735999_G_A	PD021-F0_456_pyclone	0	0.9697997459455527	0.07511047037356165	0.5555555555555556
chr12_54735999_54735999_G_A	PD021-VB14_PDX21_F1_pyclone	0	0.9748927952299115	0.08112277374133965	0.4392523364485981
chr13_103420680_103420680_C_A	PD021-F2_1607_pyclone	0	0.9328816524077057	0.09537532472523252	0.36
chr13_103420680_103420680_C_A	PD021-F0_456_pyclone	0	0.9413742335087042	0.11101085200807732	0.3684210526315789
chr13_103420680_103420680_C_A	PD021-VB14_PDX21_F1_pyclone	0	0.9485270404066956	0.10593204475457574	0.4
chr13_22058053_22058053_G_A	PD021-F2_1607_pyclone	11	0.9203205458419372	0.06224172214733597	0.52
chr13_22058053_22058053_G_A	PD021-F0_456_pyclone	11	0.9327913616225263	0.05981366520727726	0.5084745762711864
chr13_22058053_22058053_G_A	PD021-VB14_PDX21_F1_pyclone	11	0.019926163849607832	0.02163423827717014	0.0
chr14_100795073_100795073_C_T	PD021-F2_1607_pyclone	0	0.9742104373163003	0.02152809025650104	0.6153846153846154
chr14_100795073_100795073_C_T	PD021-F0_456_pyclone	0	0.9838816744763046	0.022126753992440462	0.5483870967741935
chr14_100795073_100795073_C_T	PD021-VB14_PDX21_F1_pyclone	0	0.9907776776604073	0.021559619143105044	0.5510204081632653
chr14_103006032_103006032_G_A	PD021-F2_1607_pyclone	0	0.9599344589950397	0.048959617910988386	0.45
chr14_103006032_103006032_G_A	PD021-F0_456_pyclone	0	0.971516989965387	0.04978231412003446	0.5
chr14_103006032_103006032_G_A	PD021-VB14_PDX21_F1_pyclone	0	0.9743183501307798	0.057628407914415904	0.40860215053763443
chr14_32625920_32625920_T_C	PD021-F2_1607_pyclone	2	0.18142908510934513	0.0484496385422734	0.0967741935483871
chr14_32625920_32625920_T_C	PD021-F0_456_pyclone	2	0.1757737682005766	0.05070962488188277	0.16666666666666666
chr14_32625920_32625920_T_C	PD021-VB14_PDX21_F1_pyclone	2	0.12487789904864328	0.06849922624959248	0.058823529411764705
chr14_45633763_45633763_G_A	PD021-F2_1607_pyclone	0	0.9440668538534791	0.07751980669772908	0.5194805194805194
chr14_45633763_45633763_G_A	PD021-F0_456_pyclone	0	0.9683904296302612	0.05489206622441424	0.42452830188679247
chr14_45633763_45633763_G_A	PD021-VB14_PDX21_F1_pyclone	0	0.9767497398478554	0.0456070141553635	0.4823529411764706
chr14_69334619_69334619_G_C	PD021-F2_1607_pyclone	0	0.9541028596504609	0.06042388820231944	0.45161290322580644
chr14_69334619_69334619_G_C	PD021-F0_456_pyclone	0	0.9518548637681551	0.08503626433705846	0.35714285714285715
chr14_69334619_69334619_G_C	PD021-VB14_PDX21_F1_pyclone	0	0.9622573944335219	0.0777372787320869	0.42857142857142855
chr14_91929205_91929205_A_C	PD021-F2_1607_pyclone	0	0.8876638662055315	0.13503105804791107	0.4
chr14_91929205_91929205_A_C	PD021-F0_456_pyclone	0	0.8175548890801704	0.24141613168392856	0.2
chr14_91929205_91929205_A_C	PD021-VB14_PDX21_F1_pyclone	0	0.894738295064744	0.15400131203964743	0.45
chr15_20467004_20467004_G_A	PD021-F2_1607_pyclone	16	0.09321592801265786	0.09530393714037917	0.0
chr15_20467004_20467004_G_A	PD021-F0_456_pyclone	16	0.09635602874180825	0.09876094224249718	0.05
chr15_20467004_20467004_G_A	PD021-VB14_PDX21_F1_pyclone	16	0.6006937837553683	0.3117631276484612	0.3333333333333333
chr15_24926090_24926090_T_C	PD021-F2_1607_pyclone	0	0.9615748846416188	0.04844608405782212	0.43103448275862066
chr15_24926090_24926090_T_C	PD021-F0_456_pyclone	0	0.9773989055674284	0.03588847646710766	0.5061728395061729
chr15_24926090_24926090_T_C	PD021-VB14_PDX21_F1_pyclone	0	0.9823574596276792	0.039799189529742145	0.4423076923076923
chr15_29562014_29562014_G_A	PD021-F2_1607_pyclone	0	0.9700606575835186	0.03021985835576907	0.5454545454545454
chr15_29562014_29562014_G_A	PD021-F0_456_pyclone	0	0.9806799352592291	0.029809916660162614	0.4666666666666667
chr15_29562014_29562014_G_A	PD021-VB14_PDX21_F1_pyclone	0	0.987251299340481	0.027800837682663188	0.5
chr15_33025171_33025171_G_A	PD021-F2_1607_pyclone	0	0.96813319896745	0.03477280036750738	0.4634146341463415
chr15_33025171_33025171_G_A	PD021-F0_456_pyclone	0	0.9807741253835557	0.02560688029270264	0.475
chr15_33025171_33025171_G_A	PD021-VB14_PDX21_F1_pyclone	0	0.9878649022937868	0.02101176564166935	0.5588235294117647
chr16_22336573_22336573_C_T	PD021-F2_1607_pyclone	0	0.9681779190943197	0.041142163171433536	0.5348837209302325
chr16_22336573_22336573_C_T	PD021-F0_456_pyclone	0	0.97270334084668	0.05250214436642363	0.3684210526315789
chr16_22336573_22336573_C_T	PD021-VB14_PDX21_F1_pyclone	0	0.984444009832315	0.031820768891134193	0.5
chr16_24918338_24918338_G_A	PD021-F2_1607_pyclone	0	0.9679565943069125	0.03714803899936791	0.4567901234567901
chr16_24918338_24918338_G_A	PD021-F0_456_pyclone	0	0.9768184009141043	0.04528346874893514	0.41935483870967744
chr16_24918338_24918338_G_A	PD021-VB14_PDX21_F1_pyclone	0	0.9848346111095645	0.03376424336634987	0.5434782608695652
chr16_33391537_33391537_T_C	PD021-F2_1607_pyclone	9	0.2978853365116337	0.16294963368022541	0.16666666666666666
chr16_33391537_33391537_T_C	PD021-F0_456_pyclone	9	0.23975056436491743	0.12104034358249535	0.07142857142857142
chr16_33391537_33391537_T_C	PD021-VB14_PDX21_F1_pyclone	9	0.3427906037427293	0.13475973135439326	0.23809523809523808
chr16_33408445_33408445_T_C	PD021-F2_1607_pyclone	6	0.2669897752964016	0.12746495831842947	0.11940298507462686
chr16_33408445_33408445_T_C	PD021-F0_456_pyclone	6	0.23995920389744563	0.1007782043466751	0.15
chr16_33408445_33408445_T_C	PD021-VB14_PDX21_F1_pyclone	6	0.31252399420324734	0.11737004666479964	0.17543859649122806
chr16_86575263_86575263_G_A	PD021-F2_1607_pyclone	0	0.969089793010549	0.04255360534125365	0.4626865671641791
chr16_86575263_86575263_G_A	PD021-F0_456_pyclone	0	0.9827983156123998	0.019331478603996984	0.6052631578947368
chr16_86575263_86575263_G_A	PD021-VB14_PDX21_F1_pyclone	0	0.9880638764741919	0.03122620738189873	0.48936170212765956
chr16_88039652_88039652_C_T	PD021-F2_1607_pyclone	0	0.9652028878876553	0.05084106012154094	0.4666666666666667
chr16_88039652_88039652_C_T	PD021-F0_456_pyclone	0	0.9817598132142142	0.022035628637810147	0.8
chr16_88039652_88039652_C_T	PD021-VB14_PDX21_F1_pyclone	0	0.9865489050150933	0.036520069509812444	0.5555555555555556
chr16_9851845_9851845_G_A	PD021-F2_1607_pyclone	0	0.9714502888743539	0.026686181341632753	0.52
chr16_9851845_9851845_G_A	PD021-F0_456_pyclone	0	0.983063431589395	0.017688991364951032	0.5882352941176471
chr16_9851845_9851845_G_A	PD021-VB14_PDX21_F1_pyclone	0	0.9885682472138737	0.03554771627048147	0.5370370370370371
chr17_1576585_1576585_A_G	PD021-F2_1607_pyclone	0	0.9671794376674274	0.04480512128493622	0.43243243243243246
chr17_1576585_1576585_A_G	PD021-F0_456_pyclone	0	0.9827710006693698	0.017588158302809888	0.5046728971962616
chr17_1576585_1576585_A_G	PD021-VB14_PDX21_F1_pyclone	0	0.9897661255695669	0.01511210159527814	0.5578947368421052
chr17_1690283_1690283_C_T	PD021-F2_1607_pyclone	0	0.9633974424879737	0.05209798134492111	0.4074074074074074
chr17_1690283_1690283_C_T	PD021-F0_456_pyclone	0	0.9768773107075083	0.04092666329041802	0.5172413793103449
chr17_1690283_1690283_C_T	PD021-VB14_PDX21_F1_pyclone	0	0.9827341186342996	0.04245658663929303	0.48148148148148145
chr17_21191365_21191365_C_G	PD021-F2_1607_pyclone	0	0.9728685062636971	0.026220851413761084	0.5833333333333334
chr17_21191365_21191365_C_G	PD021-F0_456_pyclone	0	0.9828504431271786	0.026424463273775796	0.5487804878048781
chr17_21191365_21191365_C_G	PD021-VB14_PDX21_F1_pyclone	0	0.9891085257434543	0.02829335599296143	0.5375
chr17_43910749_43910749_G_C	PD021-F2_1607_pyclone	0	0.9595643903618342	0.047088839743485614	0.4375
chr17_43910749_43910749_G_C	PD021-F0_456_pyclone	0	0.9717566507782314	0.046540533100656166	0.4578313253012048
chr17_43910749_43910749_G_C	PD021-VB14_PDX21_F1_pyclone	0	0.975928587950513	0.051522259831524	0.41975308641975306
chr17_46970885_46970885_G_A	PD021-F2_1607_pyclone	0	0.9658655535728212	0.04637053094923495	0.4827586206896552
chr17_46970885_46970885_G_A	PD021-F0_456_pyclone	0	0.9752732326955252	0.053087337158568164	0.36363636363636365
chr17_46970885_46970885_G_A	PD021-VB14_PDX21_F1_pyclone	0	0.9852171821822974	0.035279714285999866	0.6521739130434783
chr17_47696716_47696716_C_T	PD021-F2_1607_pyclone	0	0.9702257018712259	0.02615107046857444	0.518796992481203
chr17_47696716_47696716_C_T	PD021-F0_456_pyclone	0	0.9730166140012755	0.05053360534088592	0.3968253968253968
chr17_47696716_47696716_C_T	PD021-VB14_PDX21_F1_pyclone	0	0.9834041627394312	0.041286542209318065	0.4956521739130435
chr17_7125992_7125992_C_T	PD021-F2_1607_pyclone	0	0.9348790162811168	0.09447652037299041	0.2727272727272727
chr17_7125992_7125992_C_T	PD021-F0_456_pyclone	0	0.9727677636311558	0.04238695967142365	0.5423728813559322
chr17_7125992_7125992_C_T	PD021-VB14_PDX21_F1_pyclone	0	0.9743450715508841	0.05025791428777786	0.4418604651162791
chr18_10704423_10704423_C_T	PD021-F2_1607_pyclone	12	0.8199524761666026	0.12489019822219471	0.47058823529411764
chr18_10704423_10704423_C_T	PD021-F0_456_pyclone	12	0.006104589121255568	0.02169981796484067	0.0
chr18_10704423_10704423_C_T	PD021-VB14_PDX21_F1_pyclone	12	0.008474858230027327	0.026031528451000256	0.0
chr18_12094119_12094119_C_T	PD021-F2_1607_pyclone	0	0.962589110181916	0.04901376418651177	0.42391304347826086
chr18_12094119_12094119_C_T	PD021-F0_456_pyclone	0	0.9801971666635593	0.02882190748345576	0.5081967213114754
chr18_12094119_12094119_C_T	PD021-VB14_PDX21_F1_pyclone	0	0.9863390331518425	0.02636123070642475	0.5
chr18_9283559_9283559_G_T	PD021-F2_1607_pyclone	0	0.9433853025442387	0.07376648561574152	0.5
chr18_9283559_9283559_G_T	PD021-F0_456_pyclone	0	0.939327422657174	0.09533134537003318	0.4
chr18_9283559_9283559_G_T	PD021-VB14_PDX21_F1_pyclone	0	0.9352555972728627	0.11651977040773326	0.32727272727272727
chr19_12801972_12801972_T_C	PD021-F2_1607_pyclone	0	0.9674894304274064	0.038178727949417984	0.4430379746835443
chr19_12801972_12801972_T_C	PD021-F0_456_pyclone	0	0.982363519780525	0.024583111348384916	0.584070796460177
chr19_12801972_12801972_T_C	PD021-VB14_PDX21_F1_pyclone	0	0.9876960480672975	0.031460801091968416	0.49019607843137253
chr19_14962968_14962968_G_A	PD021-F2_1607_pyclone	2	0.16911681485841462	0.027261529208955637	0.0196078431372549
chr19_14962968_14962968_G_A	PD021-F0_456_pyclone	2	0.16775342446912186	0.03194184792238528	0.10309278350515463
chr19_14962968_14962968_G_A	PD021-VB14_PDX21_F1_pyclone	2	0.11282227762966929	0.06198805444718439	0.03225806451612903
chr19_14962977_14962977_T_C	PD021-F2_1607_pyclone	2	0.17310411546833562	0.02695051757582122	0.07017543859649122
chr19_14962977_14962977_T_C	PD021-F0_456_pyclone	2	0.16871826630380649	0.030862227254425743	0.1111111111111111
chr19_14962977_14962977_T_C	PD021-VB14_PDX21_F1_pyclone	2	0.10782664286794182	0.046318141168349015	0.029411764705882353
chr19_14963045_14963045_A_C	PD021-F2_1607_pyclone	2	0.1730347489697336	0.03577972788649768	0.0851063829787234
chr19_14963045_14963045_A_C	PD021-F0_456_pyclone	2	0.1715558579054503	0.034984233192180185	0.12195121951219512
chr19_14963045_14963045_A_C	PD021-VB14_PDX21_F1_pyclone	2	0.09854292425316537	0.03868598496689245	0.0
chr19_21713486_21713486_G_A	PD021-F2_1607_pyclone	0	0.9541791830653906	0.05998209246227474	0.424
chr19_21713486_21713486_G_A	PD021-F0_456_pyclone	0	0.9649393360431628	0.05772983286923752	0.4049586776859504
chr19_21713486_21713486_G_A	PD021-VB14_PDX21_F1_pyclone	0	0.9740469323159626	0.053283205822351895	0.4666666666666667
chr19_51694035_51694035_C_G	PD021-F2_1607_pyclone	0	0.965567044262128	0.04381434548635607	0.55
chr19_51694035_51694035_C_G	PD021-F0_456_pyclone	0	0.9798827606043315	0.03289240688925543	0.5
chr19_51694035_51694035_C_G	PD021-VB14_PDX21_F1_pyclone	0	0.9852796829267766	0.04073156786566565	0.4791666666666667
chr19_5894854_5894854_C_T	PD021-F2_1607_pyclone	2	0.1534577585494152	0.045270328892573236	0.0
chr19_5894854_5894854_C_T	PD021-F0_456_pyclone	2	0.21337394134554458	0.11443252905801686	0.1951219512195122
chr19_5894854_5894854_C_T	PD021-VB14_PDX21_F1_pyclone	2	0.08493459897165892	0.04327974701360485	0.0
chr19_7964329_7964329_C_G	PD021-F2_1607_pyclone	0	0.9715959827820375	0.030840904886616945	0.5079365079365079
chr19_7964329_7964329_C_G	PD021-F0_456_pyclone	0	0.9825838755715259	0.022467697157205067	0.5189873417721519
chr19_7964329_7964329_C_G	PD021-VB14_PDX21_F1_pyclone	0	0.9888978757107294	0.02257763651469004	0.47058823529411764
chr1_101194687_101194687_C_T	PD021-F2_1607_pyclone	0	0.9095475595243375	0.14870569351486385	0.4
chr1_101194687_101194687_C_T	PD021-F0_456_pyclone	0	0.9185779148702589	0.16880947635072904	0.2639593908629442
chr1_101194687_101194687_C_T	PD021-VB14_PDX21_F1_pyclone	0	0.9336736432910314	0.15511031853220342	0.3
chr1_109794513_109794513_C_T	PD021-F2_1607_pyclone	0	0.9583327764080495	0.06321138963362305	0.29174311926605506
chr1_109794513_109794513_C_T	PD021-F0_456_pyclone	0	0.9746249512852252	0.059018379080719836	0.3310344827586207
chr1_109794513_109794513_C_T	PD021-VB14_PDX21_F1_pyclone	0	0.9818933686985367	0.05139767721839771	0.3333333333333333
chr1_11036239_11036239_G_C	PD021-F2_1607_pyclone	2	0.16151567061774105	0.04700176466240594	0.0
chr1_11036239_11036239_G_C	PD021-F0_456_pyclone	2	0.18416311458196463	0.06199743157485457	0.25
chr1_11036239_11036239_G_C	PD021-VB14_PDX21_F1_pyclone	2	0.10318064663363809	0.05879483572241855	0.0
chr1_112304137_112304137_A_G	PD021-F2_1607_pyclone	0	0.9644100443159634	0.04595856996998558	0.48148148148148145
chr1_112304137_112304137_A_G	PD021-F0_456_pyclone	0	0.979907064794559	0.028503803488624593	0.7647058823529411
chr1_112304137_112304137_A_G	PD021-VB14_PDX21_F1_pyclone	0	0.9860375809867333	0.03008080972540222	0.66
chr1_114939200_114939200_T_C	PD021-F2_1607_pyclone	2	0.17591981272649057	0.0360531570041125	0.09195402298850575
chr1_114939200_114939200_T_C	PD021-F0_456_pyclone	2	0.1608846569294384	0.03312200380390191	0.06097560975609756
chr1_114939200_114939200_T_C	PD021-VB14_PDX21_F1_pyclone	2	0.10986278426065674	0.057855077469342694	0.025974025974025976
chr1_114939206_114939206_A_G	PD021-F2_1607_pyclone	2	0.17640905185651448	0.03432732392539785	0.10344827586206896
chr1_114939206_114939206_A_G	PD021-F0_456_pyclone	2	0.16175737133649792	0.03448164961601999	0.058823529411764705
chr1_114939206_114939206_A_G	PD021-VB14_PDX21_F1_pyclone	2	0.10039911253498884	0.03748797695912701	0.0125
chr1_12908333_12908333_T_C	PD021-F2_1607_pyclone	3	0.1642732595890191	0.054357552837438136	0.15151515151515152
chr1_12908333_12908333_T_C	PD021-F0_456_pyclone	3	0.14367343056595464	0.05203650530632358	0.0
chr1_12908333_12908333_T_C	PD021-VB14_PDX21_F1_pyclone	3	0.26801775041490894	0.10607199974422772	0.23170731707317074
chr1_12908375_12908375_T_C	PD021-F2_1607_pyclone	3	0.17550777862678799	0.07731723711611875	0.17647058823529413
chr1_12908375_12908375_T_C	PD021-F0_456_pyclone	3	0.14968841723668047	0.05914680405670554	0.0
chr1_12908375_12908375_T_C	PD021-VB14_PDX21_F1_pyclone	3	0.3007559855050435	0.10089588753767671	0.2857142857142857
chr1_145281824_145281824_T_G	PD021-F2_1607_pyclone	2	0.3648673226146117	0.28237775917540964	0.1717171717171717
chr1_145281824_145281824_T_G	PD021-F0_456_pyclone	2	0.35124043483159967	0.2908676490978719	0.1956521739130435
chr1_145281824_145281824_T_G	PD021-VB14_PDX21_F1_pyclone	2	0.196362589719742	0.2092511330474742	0.030303030303030304
chr1_150730430_150730430_G_T	PD021-F2_1607_pyclone	5	0.6212016365274765	0.26439634473864315	0.14347826086956522
chr1_150730430_150730430_G_T	PD021-F0_456_pyclone	5	0.578848100516343	0.2796111428648982	0.2043343653250774
chr1_150730430_150730430_G_T	PD021-VB14_PDX21_F1_pyclone	5	0.6464803999940664	0.23997747271789485	0.37714285714285717
chr1_158650476_158650476_C_T	PD021-F2_1607_pyclone	0	0.950544694325673	0.07185028020874924	0.3953488372093023
chr1_158650476_158650476_C_T	PD021-F0_456_pyclone	0	0.9577968233281755	0.07581866600584398	0.4160919540229885
chr1_158650476_158650476_C_T	PD021-VB14_PDX21_F1_pyclone	0	0.9695215740730303	0.061651139905151454	0.481981981981982
chr1_175323625_175323625_C_T	PD021-F2_1607_pyclone	11	0.5867742870567438	0.3633071160911253	0.15503875968992248
chr1_175323625_175323625_C_T	PD021-F0_456_pyclone	11	0.6352290794751051	0.34935668502270945	0.2
chr1_175323625_175323625_C_T	PD021-VB14_PDX21_F1_pyclone	11	0.0375535939730108	0.039631269826123076	0.0
chr1_203652522_203652522_G_A	PD021-F2_1607_pyclone	14	0.4129749299418269	0.3346919000113506	0.11320754716981132
chr1_203652522_203652522_G_A	PD021-F0_456_pyclone	14	0.46127412108567734	0.34141565479743996	0.2513089005235602
chr1_203652522_203652522_G_A	PD021-VB14_PDX21_F1_pyclone	14	0.06370615428873858	0.05700593958598292	0.0
chr1_205132194_205132194_A_T	PD021-F2_1607_pyclone	0	0.9687430420583617	0.02948232148251058	0.6053412462908012
chr1_205132194_205132194_A_T	PD021-F0_456_pyclone	0	0.9672009209090495	0.057286334692092565	0.5459459459459459
chr1_205132194_205132194_A_T	PD021-VB14_PDX21_F1_pyclone	0	0.9811146602060935	0.04273458824627058	0.5507246376811594
chr1_227921547_227921547_C_T	PD021-F2_1607_pyclone	12	0.748563360760689	0.20583880254924974	0.1656441717791411
chr1_227921547_227921547_C_T	PD021-F0_456_pyclone	12	0.007550275669059593	0.02618843796147722	0.0
chr1_227921547_227921547_C_T	PD021-VB14_PDX21_F1_pyclone	12	0.008913718037770822	0.01667259466015461	0.0
chr1_231473153_231473153_T_C	PD021-F2_1607_pyclone	0	0.9171949386945223	0.12114640541409073	0.36971830985915494
chr1_231473153_231473153_T_C	PD021-F0_456_pyclone	0	0.9311075267904341	0.1393276372162071	0.29381443298969073
chr1_231473153_231473153_T_C	PD021-VB14_PDX21_F1_pyclone	0	0.9379625989371808	0.1295703890364526	0.4074074074074074
chr1_240656587_240656587_G_A	PD021-F2_1607_pyclone	1	0.0031871280124395095	0.02118243804964483	0.0
chr1_240656587_240656587_G_A	PD021-F0_456_pyclone	1	0.004038328825385305	0.004395151021668089	0.0
chr1_240656587_240656587_G_A	PD021-VB14_PDX21_F1_pyclone	1	0.9511037460767736	0.04736086355800226	0.17133956386292834
chr1_26510632_26510632_G_A	PD021-F2_1607_pyclone	0	0.9742807571100901	0.023714106507635273	1.0
chr1_26510632_26510632_G_A	PD021-F0_456_pyclone	0	0.9844502972572863	0.01817374201088176	1.0
chr1_26510632_26510632_G_A	PD021-VB14_PDX21_F1_pyclone	0	0.9911828445402511	0.02061323982768923	1.0
chr1_29069154_29069154_C_T	PD021-F2_1607_pyclone	2	0.19671119209470708	0.0670368004580125	0.2875
chr1_29069154_29069154_C_T	PD021-F0_456_pyclone	2	0.1766020081554649	0.04933930614266904	0.16666666666666666
chr1_29069154_29069154_C_T	PD021-VB14_PDX21_F1_pyclone	2	0.12098651924010546	0.06223037415025882	0.07547169811320754
chr1_29069178_29069178_A_T	PD021-F2_1607_pyclone	2	0.17684056421107788	0.032922675737035265	0.16161616161616163
chr1_29069178_29069178_A_T	PD021-F0_456_pyclone	2	0.16786440227361224	0.03360740831896234	0.1523809523809524
chr1_29069178_29069178_A_T	PD021-VB14_PDX21_F1_pyclone	2	0.10283546798814182	0.03281321629943742	0.04411764705882353
chr1_29069217_29069217_G_A	PD021-F2_1607_pyclone	8	0.48093626356062436	0.08646593021866272	0.3944954128440367
chr1_29069217_29069217_G_A	PD021-F0_456_pyclone	8	0.4100504967212412	0.08500445366197547	0.39814814814814814
chr1_29069217_29069217_G_A	PD021-VB14_PDX21_F1_pyclone	8	0.3837506791708315	0.07398061223344769	0.2289156626506024
chr1_29069241_29069241_T_C	PD021-F2_1607_pyclone	2	0.17557299812903662	0.032772932861673675	0.15463917525773196
chr1_29069241_29069241_T_C	PD021-F0_456_pyclone	2	0.15857070286218397	0.030926059644372363	0.07017543859649122
chr1_29069241_29069241_T_C	PD021-VB14_PDX21_F1_pyclone	2	0.11381836506306295	0.056633551480405366	0.0945945945945946
chr1_29069253_29069253_T_C	PD021-F2_1607_pyclone	8	0.48958860995704223	0.08282649185816783	0.43023255813953487
chr1_29069253_29069253_T_C	PD021-F0_456_pyclone	8	0.4116048240059377	0.08236524435338217	0.40186915887850466
chr1_29069253_29069253_T_C	PD021-VB14_PDX21_F1_pyclone	8	0.3940981699669071	0.0733913072241396	0.30434782608695654
chr1_29069316_29069316_G_A	PD021-F2_1607_pyclone	8	0.4174196081738101	0.1338718762227427	0.4
chr1_29069316_29069316_G_A	PD021-F0_456_pyclone	8	0.3271153691550048	0.10105138456058074	0.2222222222222222
chr1_29069316_29069316_G_A	PD021-VB14_PDX21_F1_pyclone	8	0.32926567946876967	0.11993971001963584	0.16666666666666666
chr1_29069336_29069336_T_C	PD021-F2_1607_pyclone	2	0.18598706604632897	0.05453633659557674	0.2692307692307692
chr1_29069336_29069336_T_C	PD021-F0_456_pyclone	2	0.173979168859837	0.04834212474730678	0.16666666666666666
chr1_29069336_29069336_T_C	PD021-VB14_PDX21_F1_pyclone	2	0.11754323560842449	0.06776578894486324	0.0
chr1_29069344_29069344_G_A	PD021-F2_1607_pyclone	2	0.1802389022243348	0.04306783107369907	0.22727272727272727
chr1_29069344_29069344_G_A	PD021-F0_456_pyclone	2	0.16331428831494493	0.0340193489190245	0.12
chr1_29069344_29069344_G_A	PD021-VB14_PDX21_F1_pyclone	2	0.11204422692961961	0.05748577076921835	0.0
chr1_29070051_29070051_T_C	PD021-F2_1607_pyclone	2	0.1751869400884636	0.02281262968069595	0.15294117647058825
chr1_29070051_29070051_T_C	PD021-F0_456_pyclone	2	0.1572903460899889	0.0313432320287658	0.06896551724137931
chr1_29070051_29070051_T_C	PD021-VB14_PDX21_F1_pyclone	2	0.10060200379303691	0.04264910647174798	0.029411764705882353
chr1_29070075_29070075_T_C	PD021-F2_1607_pyclone	2	0.17548413008161035	0.027254015657811652	0.10843373493975904
chr1_29070075_29070075_T_C	PD021-F0_456_pyclone	2	0.15661730132258597	0.037083892524538815	0.056451612903225805
chr1_29070075_29070075_T_C	PD021-VB14_PDX21_F1_pyclone	2	0.10103578125762268	0.03721617297886783	0.028985507246376812
chr1_29070189_29070189_C_A	PD021-F2_1607_pyclone	2	0.17526359408276218	0.031846319825403334	0.1016949152542373
chr1_29070189_29070189_C_A	PD021-F0_456_pyclone	2	0.15502679139076955	0.03112794743028197	0.04672897196261682
chr1_29070189_29070189_C_A	PD021-VB14_PDX21_F1_pyclone	2	0.10410484002187069	0.04170738481115009	0.047619047619047616
chr1_29070192_29070192_G_T	PD021-F2_1607_pyclone	2	0.1746466910332466	0.0237981990741209	0.1016949152542373
chr1_29070192_29070192_G_T	PD021-F0_456_pyclone	2	0.15524967051757332	0.029226634985091707	0.049019607843137254
chr1_29070192_29070192_G_T	PD021-VB14_PDX21_F1_pyclone	2	0.10305660364816771	0.037820774385590686	0.05172413793103448
chr1_29070198_29070198_A_G	PD021-F2_1607_pyclone	2	0.17489259078274066	0.024211024311910204	0.1111111111111111
chr1_29070198_29070198_A_G	PD021-F0_456_pyclone	2	0.15622854961494032	0.03249066521693939	0.05263157894736842
chr1_29070198_29070198_A_G	PD021-VB14_PDX21_F1_pyclone	2	0.10596365416662401	0.04407086668354672	0.05263157894736842
chr1_32265030_32265030_G_A	PD021-F2_1607_pyclone	1	0.0025284966220941326	0.003510417157285737	0.0
chr1_32265030_32265030_G_A	PD021-F0_456_pyclone	1	0.004904722450622559	0.03006429751011893	0.0
chr1_32265030_32265030_G_A	PD021-VB14_PDX21_F1_pyclone	1	0.9518363395476749	0.04548909385006615	0.425
chr1_878604_878604_G_C	PD021-F2_1607_pyclone	0	0.9609750563942956	0.07523528449734991	0.37333333333333335
chr1_878604_878604_G_C	PD021-F0_456_pyclone	0	0.9699737997087076	0.08130371928576019	0.3472222222222222
chr1_878604_878604_G_C	PD021-VB14_PDX21_F1_pyclone	0	0.9764683616819863	0.08397754217513662	0.38181818181818183
chr1_89737448_89737448_T_A	PD021-F2_1607_pyclone	0	0.9585610650413903	0.05809529544784029	0.6124031007751938
chr1_89737448_89737448_T_A	PD021-F0_456_pyclone	0	0.9815186209577733	0.031642415515959414	0.7088607594936709
chr1_89737448_89737448_T_A	PD021-VB14_PDX21_F1_pyclone	0	0.9879892098263074	0.020676464994753074	0.7009345794392523
chr20_17463831_17463831_C_T	PD021-F2_1607_pyclone	0	0.971634185559472	0.029380320504170648	0.5666666666666667
chr20_17463831_17463831_C_T	PD021-F0_456_pyclone	0	0.9794522606565046	0.03384609727245353	0.40816326530612246
chr20_17463831_17463831_C_T	PD021-VB14_PDX21_F1_pyclone	0	0.9874277913698053	0.033727037342711985	0.515625
chr20_55908302_55908302_A_G	PD021-F2_1607_pyclone	0	0.9637066793939632	0.04640285894897337	0.4666666666666667
chr20_55908302_55908302_A_G	PD021-F0_456_pyclone	0	0.9637470018256454	0.08965864631503716	0.25
chr20_55908302_55908302_A_G	PD021-VB14_PDX21_F1_pyclone	0	0.9851159555883462	0.030842443333947436	0.6268656716417911
chr20_60697727_60697727_G_A	PD021-F2_1607_pyclone	0	0.9732281563772672	0.019358898599906447	0.5526315789473685
chr20_60697727_60697727_G_A	PD021-F0_456_pyclone	0	0.982721896289505	0.02553579383020898	0.5652173913043478
chr20_60697727_60697727_G_A	PD021-VB14_PDX21_F1_pyclone	0	0.9885685286727993	0.02657597979323489	0.4311377245508982
chr21_14414959_14414959_C_T	PD021-F2_1607_pyclone	6	0.28136337855174404	0.15549772865276965	0.1388888888888889
chr21_14414959_14414959_C_T	PD021-F0_456_pyclone	6	0.23224607257177765	0.10020053869225953	0.10294117647058823
chr21_14414959_14414959_C_T	PD021-VB14_PDX21_F1_pyclone	6	0.35809160044855104	0.11852037973606486	0.22727272727272727
chr21_45525944_45525944_C_T	PD021-F2_1607_pyclone	0	0.9693527616092266	0.02801885770706647	0.5813953488372093
chr21_45525944_45525944_C_T	PD021-F0_456_pyclone	0	0.976555792223334	0.03970898260998835	0.5135135135135135
chr21_45525944_45525944_C_T	PD021-VB14_PDX21_F1_pyclone	0	0.9824022644683563	0.04182329960270201	0.40298507462686567
chr21_47842009_47842009_G_A	PD021-F2_1607_pyclone	0	0.9529108116525221	0.06236555162898455	0.3870967741935484
chr21_47842009_47842009_G_A	PD021-F0_456_pyclone	0	0.9673226053070212	0.059138545421117225	0.3770491803278688
chr21_47842009_47842009_G_A	PD021-VB14_PDX21_F1_pyclone	0	0.9782688578301101	0.05055490613117232	0.5510204081632653
chr22_24579049_24579049_G_A	PD021-F2_1607_pyclone	1	0.03465108508166496	0.08628194667698531	0.0
chr22_24579049_24579049_G_A	PD021-F0_456_pyclone	1	0.03480814050126089	0.08427714186678661	0.0
chr22_24579049_24579049_G_A	PD021-VB14_PDX21_F1_pyclone	1	0.8532615654282387	0.22485797754208547	0.35294117647058826
chr22_31501709_31501709_G_A	PD021-F2_1607_pyclone	12	0.8207054100089677	0.12395686995120261	0.47058823529411764
chr22_31501709_31501709_G_A	PD021-F0_456_pyclone	12	0.005549258133476112	0.0077188268990022	0.0
chr22_31501709_31501709_G_A	PD021-VB14_PDX21_F1_pyclone	12	0.008377663437861674	0.021969018025356148	0.0
chr2_130988203_130988203_C_T	PD021-F2_1607_pyclone	3	0.14908307174130012	0.03651974856846476	0.014084507042253521
chr2_130988203_130988203_C_T	PD021-F0_456_pyclone	3	0.14261803491413222	0.04367814698535366	0.036585365853658534
chr2_130988203_130988203_C_T	PD021-VB14_PDX21_F1_pyclone	3	0.23695818085876963	0.11022901613477457	0.12727272727272726
chr2_130988276_130988276_C_T	PD021-F2_1607_pyclone	3	0.15055525427278513	0.0373197854371109	0.023809523809523808
chr2_130988276_130988276_C_T	PD021-F0_456_pyclone	3	0.1421353567978422	0.04677069119450619	0.03278688524590164
chr2_130988276_130988276_C_T	PD021-VB14_PDX21_F1_pyclone	3	0.25678425351343326	0.1126718523763838	0.15789473684210525
chr2_133019191_133019191_T_G	PD021-F2_1607_pyclone	15	0.37180999880805315	0.18846148144383937	0.3157894736842105
chr2_133019191_133019191_T_G	PD021-F0_456_pyclone	15	0.25764301187870153	0.12220281193238648	0.05
chr2_133019191_133019191_T_G	PD021-VB14_PDX21_F1_pyclone	15	0.31003920647029487	0.137228375500208	0.14285714285714285
chr2_133019254_133019254_A_C	PD021-F2_1607_pyclone	10	0.32937923660728596	0.16012612847454671	0.2
chr2_133019254_133019254_A_C	PD021-F0_456_pyclone	10	0.28971585443940934	0.1420885860541747	0.21052631578947367
chr2_133019254_133019254_A_C	PD021-VB14_PDX21_F1_pyclone	10	0.2561897047159712	0.1508955569021566	0.07142857142857142
chr2_145145722_145145722_T_G	PD021-F2_1607_pyclone	2	0.20215496400759644	0.08859436735099212	0.1388888888888889
chr2_145145722_145145722_T_G	PD021-F0_456_pyclone	2	0.18546317062940806	0.06218507579228468	0.125
chr2_145145722_145145722_T_G	PD021-VB14_PDX21_F1_pyclone	2	0.16033533685079165	0.09453669176333235	0.08860759493670886
chr2_206481550_206481550_T_C	PD021-F2_1607_pyclone	0	0.9583504357993784	0.05102788267133559	0.422680412371134
chr2_206481550_206481550_T_C	PD021-F0_456_pyclone	0	0.9780260103944367	0.03051415496149112	0.5641025641025641
chr2_206481550_206481550_T_C	PD021-VB14_PDX21_F1_pyclone	0	0.9787448896284988	0.048203327283933124	0.3673469387755102
chr2_219883381_219883381_T_C	PD021-F2_1607_pyclone	1	0.0026625318126328296	0.0070744926622935585	0.0
chr2_219883381_219883381_T_C	PD021-F0_456_pyclone	1	0.004199051211299703	0.00846060383318273	0.0
chr2_219883381_219883381_T_C	PD021-VB14_PDX21_F1_pyclone	1	0.9523675609048934	0.039208037401152224	0.45918367346938777
chr2_23865654_23865654_G_A	PD021-F2_1607_pyclone	0	0.9693157889498463	0.03245855079549513	0.5342465753424658
chr2_23865654_23865654_G_A	PD021-F0_456_pyclone	0	0.9738407522256486	0.046304698436904726	0.359375
chr2_23865654_23865654_G_A	PD021-VB14_PDX21_F1_pyclone	0	0.984567521958855	0.03421393719747981	0.5063291139240507
chr2_25053652_25053652_G_A	PD021-F2_1607_pyclone	0	0.9350557997555775	0.08617417594759105	0.31645569620253167
chr2_25053652_25053652_G_A	PD021-F0_456_pyclone	0	0.973348129889955	0.04492478092832669	0.573170731707317
chr2_25053652_25053652_G_A	PD021-VB14_PDX21_F1_pyclone	0	0.9717056498571041	0.060306036308643916	0.4032258064516129
chr2_25606645_25606645_G_A	PD021-F2_1607_pyclone	0	0.9647265113068817	0.049691477414664426	0.4
chr2_25606645_25606645_G_A	PD021-F0_456_pyclone	0	0.9829572889599223	0.01618284425983687	0.6451612903225806
chr2_25606645_25606645_G_A	PD021-VB14_PDX21_F1_pyclone	0	0.9886236178309193	0.02872062982276078	0.5652173913043478
chr2_27538713_27538713_G_A	PD021-F2_1607_pyclone	0	0.971731464737354	0.02409973153231536	0.5206611570247934
chr2_27538713_27538713_G_A	PD021-F0_456_pyclone	0	0.9809920983437791	0.02582896600773555	0.44680851063829785
chr2_27538713_27538713_G_A	PD021-VB14_PDX21_F1_pyclone	0	0.9886333785865863	0.019423103407543503	0.5204081632653061
chr2_74641656_74641656_G_T	PD021-F2_1607_pyclone	0	0.9508343286081212	0.0544753701422756	0.4701492537313433
chr2_74641656_74641656_G_T	PD021-F0_456_pyclone	0	0.9452739385098748	0.08329691284805435	0.40186915887850466
chr2_74641656_74641656_G_T	PD021-VB14_PDX21_F1_pyclone	0	0.9408669453788219	0.10232135842805526	0.34444444444444444
chr2_96604632_96604632_A_T	PD021-F2_1607_pyclone	3	0.16257751794288497	0.03674906100545483	0.049019607843137254
chr2_96604632_96604632_A_T	PD021-F0_456_pyclone	3	0.16433045005549637	0.037470007361429115	0.11363636363636363
chr2_96604632_96604632_A_T	PD021-VB14_PDX21_F1_pyclone	3	0.21316189867714386	0.11145980852080555	0.12745098039215685
chr2_97166372_97166372_C_A	PD021-F2_1607_pyclone	1	0.002806111559166363	0.010706929854244955	0.0
chr2_97166372_97166372_C_A	PD021-F0_456_pyclone	1	0.00408541295807947	0.004984613241580159	0.0
chr2_97166372_97166372_C_A	PD021-VB14_PDX21_F1_pyclone	1	0.9526593928004788	0.03842801662963979	0.6933333333333334
chr3_11926423_11926423_A_G	PD021-F2_1607_pyclone	2	0.17378569423864004	0.037154322947795596	0.043478260869565216
chr3_11926423_11926423_A_G	PD021-F0_456_pyclone	2	0.17601962100453578	0.0464905011821238	0.15555555555555556
chr3_11926423_11926423_A_G	PD021-VB14_PDX21_F1_pyclone	2	0.10298413247234828	0.049396770819662504	0.020833333333333332
chr3_11926443_11926443_C_T	PD021-F2_1607_pyclone	2	0.1730036636160382	0.03365839820020214	0.03571428571428571
chr3_11926443_11926443_C_T	PD021-F0_456_pyclone	2	0.17313538102242118	0.039531166277638585	0.15384615384615385
chr3_11926443_11926443_C_T	PD021-VB14_PDX21_F1_pyclone	2	0.10965255487474802	0.050900712279201364	0.0392156862745098
chr3_120026241_120026241_G_A	PD021-F2_1607_pyclone	0	0.9625002605214541	0.04226230286106334	0.4909090909090909
chr3_120026241_120026241_G_A	PD021-F0_456_pyclone	0	0.9667346947649099	0.059425621291599166	0.4050632911392405
chr3_120026241_120026241_G_A	PD021-VB14_PDX21_F1_pyclone	0	0.9713573363856326	0.06533948316367699	0.4117647058823529
chr3_16628958_16628958_C_T	PD021-F2_1607_pyclone	1	0.0027753455886512365	0.007822717646858657	0.0
chr3_16628958_16628958_C_T	PD021-F0_456_pyclone	1	0.004732672490676761	0.02068956649748638	0.0
chr3_16628958_16628958_C_T	PD021-VB14_PDX21_F1_pyclone	1	0.9513968786701732	0.04674560419041667	0.42857142857142855
chr3_184799980_184799980_C_G	PD021-F2_1607_pyclone	0	0.9728758636357783	0.02154791278851307	0.5
chr3_184799980_184799980_C_G	PD021-F0_456_pyclone	0	0.9840615898270959	0.013090510347994754	0.5671641791044776
chr3_184799980_184799980_C_G	PD021-VB14_PDX21_F1_pyclone	0	0.9903652974802163	0.019910827797252728	0.5373134328358209
chr3_43407699_43407699_C_A	PD021-F2_1607_pyclone	0	0.9719435162569929	0.027923061212881014	0.5
chr3_43407699_43407699_C_A	PD021-F0_456_pyclone	0	0.9824789726094023	0.021505431346704584	0.4351851851851852
chr3_43407699_43407699_C_A	PD021-VB14_PDX21_F1_pyclone	0	0.9896512766495309	0.019408985771544048	0.5769230769230769
chr3_53277641_53277641_G_A	PD021-F2_1607_pyclone	0	0.926667456754696	0.09421802380134535	0.38
chr3_53277641_53277641_G_A	PD021-F0_456_pyclone	0	0.9332538580665612	0.10553787482903798	0.40476190476190477
chr3_53277641_53277641_G_A	PD021-VB14_PDX21_F1_pyclone	0	0.9333167705644382	0.11715344860399256	0.34285714285714286
chr3_63264474_63264474_G_A	PD021-F2_1607_pyclone	12	0.8295693199806626	0.11901901522833727	0.6111111111111112
chr3_63264474_63264474_G_A	PD021-F0_456_pyclone	12	0.01625621623148465	0.08148227722173043	0.0
chr3_63264474_63264474_G_A	PD021-VB14_PDX21_F1_pyclone	12	0.015004564276601247	0.056951302249474395	0.0
chr3_77652251_77652251_C_A	PD021-F2_1607_pyclone	0	0.9491828362452155	0.07354686735310077	0.5057471264367817
chr3_77652251_77652251_C_A	PD021-F0_456_pyclone	0	0.9774490275739491	0.03762212289968182	0.46078431372549017
chr3_77652251_77652251_C_A	PD021-VB14_PDX21_F1_pyclone	0	0.9831316726122572	0.03472485371465047	0.6190476190476191
chr3_86117057_86117057_T_C	PD021-F2_1607_pyclone	2	0.1841821285988954	0.0533253888048145	0.09345794392523364
chr3_86117057_86117057_T_C	PD021-F0_456_pyclone	2	0.17753229504747023	0.05288894758858562	0.14925373134328357
chr3_86117057_86117057_T_C	PD021-VB14_PDX21_F1_pyclone	2	0.11684467094572215	0.05694837960827508	0.05357142857142857
chr3_97487126_97487126_A_G	PD021-F2_1607_pyclone	0	0.9057375664912456	0.1270149858646815	0.34615384615384615
chr3_97487126_97487126_A_G	PD021-F0_456_pyclone	0	0.89009792621065	0.13696152240871085	0.35911602209944754
chr3_97487126_97487126_A_G	PD021-VB14_PDX21_F1_pyclone	0	0.8803641293044552	0.1625290653544998	0.32
chr4_113540320_113540320_G_T	PD021-F2_1607_pyclone	1	0.002775571673525601	0.010478256920013439	0.0
chr4_113540320_113540320_G_T	PD021-F0_456_pyclone	1	0.0045988032575594254	0.020512534612108283	0.0
chr4_113540320_113540320_G_T	PD021-VB14_PDX21_F1_pyclone	1	0.9519121727425224	0.044258124245626695	0.6
chr4_17882424_17882424_T_G	PD021-F2_1607_pyclone	2	0.1692262213949796	0.02726295930283862	0.018867924528301886
chr4_17882424_17882424_T_G	PD021-F0_456_pyclone	2	0.17123819876340382	0.03774980077667601	0.10666666666666667
chr4_17882424_17882424_T_G	PD021-VB14_PDX21_F1_pyclone	2	0.10015218823334696	0.04118805729884424	0.017857142857142856
chr4_184930624_184930624_A_G	PD021-F2_1607_pyclone	0	0.9499543719515979	0.06286833450376463	0.408955223880597
chr4_184930624_184930624_A_G	PD021-F0_456_pyclone	0	0.9744286738423343	0.03633665386203607	0.4575289575289575
chr4_184930624_184930624_A_G	PD021-VB14_PDX21_F1_pyclone	0	0.9787571486855424	0.043767242350716426	0.4674329501915709
chr4_70255745_70255745_G_A	PD021-F2_1607_pyclone	3	0.15816230417618465	0.0600479853990919	0.03508771929824561
chr4_70255745_70255745_G_A	PD021-F0_456_pyclone	3	0.14571528015414612	0.05025458634883233	0.03571428571428571
chr4_70255745_70255745_G_A	PD021-VB14_PDX21_F1_pyclone	3	0.30714802292413207	0.10596944023984373	0.2153846153846154
chr4_72649684_72649684_C_T	PD021-F2_1607_pyclone	0	0.9485373016067238	0.0740287052184661	0.5095238095238095
chr4_72649684_72649684_C_T	PD021-F0_456_pyclone	0	0.9799092350053048	0.025135438886322196	0.49387755102040815
chr4_72649684_72649684_C_T	PD021-VB14_PDX21_F1_pyclone	0	0.9863271691507467	0.021893263102432572	0.5567765567765568
chr4_7533235_7533235_G_A	PD021-F2_1607_pyclone	0	0.9714387454688866	0.035497838370976156	0.5323741007194245
chr4_7533235_7533235_G_A	PD021-F0_456_pyclone	0	0.9818438585417306	0.022610439339866773	0.48333333333333334
chr4_7533235_7533235_G_A	PD021-VB14_PDX21_F1_pyclone	0	0.9882367850012641	0.022553435735436892	0.43548387096774194
chr5_110825988_110825988_C_T	PD021-F2_1607_pyclone	0	0.9704466649415634	0.0273765451589049	0.49056603773584906
chr5_110825988_110825988_C_T	PD021-F0_456_pyclone	0	0.9820147493600209	0.02269165508736995	0.5625
chr5_110825988_110825988_C_T	PD021-VB14_PDX21_F1_pyclone	0	0.9881182274854119	0.0226891415491914	0.5238095238095238
chr5_14358341_14358341_G_A	PD021-F2_1607_pyclone	0	0.966357367850753	0.039574395323771126	0.4444444444444444
chr5_14358341_14358341_G_A	PD021-F0_456_pyclone	0	0.9798966276169816	0.03209331416001691	0.4344262295081967
chr5_14358341_14358341_G_A	PD021-VB14_PDX21_F1_pyclone	0	0.9872344250527791	0.023715368744257826	0.5681818181818182
chr5_149514441_149514441_G_T	PD021-F2_1607_pyclone	13	0.41711112591773103	0.24408070109803354	0.16666666666666666
chr5_149514441_149514441_G_T	PD021-F0_456_pyclone	13	0.05252700496452701	0.06769599884682388	0.0
chr5_149514441_149514441_G_T	PD021-VB14_PDX21_F1_pyclone	13	0.0361436677251215	0.04224949932006269	0.0
chr5_76264837_76264837_C_T	PD021-F2_1607_pyclone	0	0.9663611455524445	0.040492794451096645	0.4766355140186916
chr5_76264837_76264837_C_T	PD021-F0_456_pyclone	0	0.9796751667289924	0.03541789126674018	0.5
chr5_76264837_76264837_C_T	PD021-VB14_PDX21_F1_pyclone	0	0.9852224584252844	0.040616753832192105	0.4318181818181818
chr6_160133386_160133386_C_G	PD021-F2_1607_pyclone	3	0.15450520594471764	0.03585155579001052	0.046511627906976744
chr6_160133386_160133386_C_G	PD021-F0_456_pyclone	3	0.1485343385259603	0.042096897085551865	0.06451612903225806
chr6_160133386_160133386_C_G	PD021-VB14_PDX21_F1_pyclone	3	0.24150969691564747	0.114892358294061	0.2222222222222222
chr6_160169434_160169434_C_T	PD021-F2_1607_pyclone	2	0.17466699817401915	0.02166886547093393	0.11413043478260869
chr6_160169434_160169434_C_T	PD021-F0_456_pyclone	2	0.1573501084977252	0.02905442701118123	0.06629834254143646
chr6_160169434_160169434_C_T	PD021-VB14_PDX21_F1_pyclone	2	0.10075010422602641	0.03512703973662109	0.03636363636363636
chr6_160169534_160169534_C_T	PD021-F2_1607_pyclone	8	0.4870764316780908	0.08370418132683355	0.4
chr6_160169534_160169534_C_T	PD021-F0_456_pyclone	8	0.40620220829464954	0.08210493027405691	0.3582089552238806
chr6_160169534_160169534_C_T	PD021-VB14_PDX21_F1_pyclone	8	0.39854325749270636	0.07425891479309092	0.33613445378151263
chr6_160169569_160169569_C_G	PD021-F2_1607_pyclone	2	0.17801552091504622	0.034803833408981244	0.175
chr6_160169569_160169569_C_G	PD021-F0_456_pyclone	2	0.1672823874989265	0.03165586550611617	0.13793103448275862
chr6_160169569_160169569_C_G	PD021-VB14_PDX21_F1_pyclone	2	0.14196338562897318	0.0792138563054018	0.1320754716981132
chr6_160169608_160169608_T_C	PD021-F2_1607_pyclone	2	0.1739187353807482	0.02311027768540153	0.07368421052631578
chr6_160169608_160169608_T_C	PD021-F0_456_pyclone	2	0.15995490460400832	0.03850836218445776	0.07547169811320754
chr6_160169608_160169608_T_C	PD021-VB14_PDX21_F1_pyclone	2	0.09974336363581963	0.032137987618575725	0.034482758620689655
chr6_26124025_26124025_C_T	PD021-F2_1607_pyclone	0	0.8231275153009588	0.28374949845462716	0.19655172413793104
chr6_26124025_26124025_C_T	PD021-F0_456_pyclone	0	0.8310239270570513	0.296638400779127	0.214123006833713
chr6_26124025_26124025_C_T	PD021-VB14_PDX21_F1_pyclone	0	0.8450191074734499	0.28382521783141806	0.20738636363636365
chr6_28539709_28539709_C_T	PD021-F2_1607_pyclone	0	0.9712759219074695	0.02754885224361141	0.7547169811320755
chr6_28539709_28539709_C_T	PD021-F0_456_pyclone	0	0.9823893908624363	0.02090421505877251	0.8181818181818182
chr6_28539709_28539709_C_T	PD021-VB14_PDX21_F1_pyclone	0	0.988839827225944	0.021014268473872392	0.7959183673469388
chr6_30858851_30858851_C_A	PD021-F2_1607_pyclone	0	0.9494206184903909	0.07560117630905684	0.8037383177570093
chr6_30858851_30858851_C_A	PD021-F0_456_pyclone	0	0.9819750755317966	0.027679418066782403	0.7828571428571428
chr6_30858851_30858851_C_A	PD021-VB14_PDX21_F1_pyclone	0	0.9859007274191696	0.03190475641016542	0.7772727272727272
chr6_30916697_30916697_C_T	PD021-F2_1607_pyclone	2	0.2786409798159327	0.16328799797332677	0.17553191489361702
chr6_30916697_30916697_C_T	PD021-F0_456_pyclone	2	0.25007145078783594	0.13712482980168195	0.17164179104477612
chr6_30916697_30916697_C_T	PD021-VB14_PDX21_F1_pyclone	2	0.24975348286669957	0.16633281731785346	0.13580246913580246
chr6_30954684_30954684_G_C	PD021-F2_1607_pyclone	0	0.8880747421823008	0.20146395432089184	0.2727272727272727
chr6_30954684_30954684_G_C	PD021-F0_456_pyclone	0	0.8874929114473922	0.220819413925689	0.2692307692307692
chr6_30954684_30954684_G_C	PD021-VB14_PDX21_F1_pyclone	0	0.8871179988615284	0.22941444898164884	0.2
chr6_31126641_31126641_G_A	PD021-F2_1607_pyclone	13	0.367806836971718	0.258432934148296	0.12195121951219512
chr6_31126641_31126641_G_A	PD021-F0_456_pyclone	13	0.08151306103362171	0.07748548304957541	0.0
chr6_31126641_31126641_G_A	PD021-VB14_PDX21_F1_pyclone	13	0.06488506353597548	0.07736530130508089	0.0
chr6_32497868_32497868_C_G	PD021-F2_1607_pyclone	7	0.47956679124498	0.351713810718986	0.21428571428571427
chr6_32497868_32497868_C_G	PD021-F0_456_pyclone	7	0.4541830619025801	0.35792765767261847	0.12903225806451613
chr6_32497868_32497868_C_G	PD021-VB14_PDX21_F1_pyclone	7	0.4691423955510046	0.36582371906821853	0.17142857142857143
chr6_32497905_32497905_G_T	PD021-F2_1607_pyclone	2	0.2780378618018591	0.21552486493141532	0.21621621621621623
chr6_32497905_32497905_G_T	PD021-F0_456_pyclone	2	0.24424578475362102	0.1917205511578159	0.11224489795918367
chr6_32497905_32497905_G_T	PD021-VB14_PDX21_F1_pyclone	2	0.23447048395532097	0.21383928567737825	0.12280701754385964
chr6_32522570_32522570_G_A	PD021-F2_1607_pyclone	0	0.7603896355035125	0.32681204713244894	0.15625
chr6_32522570_32522570_G_A	PD021-F0_456_pyclone	0	0.7545478197372281	0.3432911115167509	0.175
chr6_32522570_32522570_G_A	PD021-VB14_PDX21_F1_pyclone	0	0.7796858654768064	0.31983910787263986	0.275
chr6_32522576_32522576_A_G	PD021-F2_1607_pyclone	0	0.749647366968088	0.32643683208338536	0.16129032258064516
chr6_32522576_32522576_A_G	PD021-F0_456_pyclone	0	0.7414567932523826	0.34672509788129513	0.17073170731707318
chr6_32522576_32522576_A_G	PD021-VB14_PDX21_F1_pyclone	0	0.7692707207237786	0.31840251745772974	0.2972972972972973
chr6_36931347_36931347_C_G	PD021-F2_1607_pyclone	12	0.7676775891930263	0.18763468445186202	0.20518867924528303
chr6_36931347_36931347_C_G	PD021-F0_456_pyclone	12	0.005572213736109947	0.022044135222132347	0.0
chr6_36931347_36931347_C_G	PD021-VB14_PDX21_F1_pyclone	12	0.007535215954117143	0.012612841475647757	0.0
chr6_55620017_55620017_G_A	PD021-F2_1607_pyclone	0	0.9564854033351268	0.06608686714747322	0.7909090909090909
chr6_55620017_55620017_G_A	PD021-F0_456_pyclone	0	0.966843504412164	0.06670538615255911	0.6710526315789473
chr6_55620017_55620017_G_A	PD021-VB14_PDX21_F1_pyclone	0	0.9701293930236834	0.0796210084495277	0.65625
chr6_65146133_65146133_G_T	PD021-F2_1607_pyclone	1	0.0027732680544959487	0.0063955943421950025	0.0
chr6_65146133_65146133_G_T	PD021-F0_456_pyclone	1	0.004207790374149823	0.006684931507483819	0.0
chr6_65146133_65146133_G_T	PD021-VB14_PDX21_F1_pyclone	1	0.9508464225057279	0.05046472637649912	0.1875
chr6_86319655_86319655_A_C	PD021-F2_1607_pyclone	2	0.1764688711929617	0.03492281466237169	0.1518987341772152
chr6_86319655_86319655_A_C	PD021-F0_456_pyclone	2	0.16368622556608464	0.028565653715288578	0.11224489795918367
chr6_86319655_86319655_A_C	PD021-VB14_PDX21_F1_pyclone	2	0.12006767701904174	0.06049011165978611	0.09090909090909091
chr6_86319680_86319680_T_C	PD021-F2_1607_pyclone	2	0.17859211578780412	0.03588440821964706	0.19767441860465115
chr6_86319680_86319680_T_C	PD021-F0_456_pyclone	2	0.16546261561676792	0.03999227202562254	0.12280701754385964
chr6_86319680_86319680_T_C	PD021-VB14_PDX21_F1_pyclone	2	0.12509395302297663	0.0669674337096873	0.10810810810810811
chr6_86319726_86319726_T_C	PD021-F2_1607_pyclone	3	0.20103648375524816	0.07984411962300236	0.19834710743801653
chr6_86319726_86319726_T_C	PD021-F0_456_pyclone	3	0.1840758583959353	0.06383750704762023	0.1506849315068493
chr6_86319726_86319726_T_C	PD021-VB14_PDX21_F1_pyclone	3	0.23481942399163203	0.11901029165863722	0.225
chr6_86319803_86319803_G_T	PD021-F2_1607_pyclone	2	0.17530701166236687	0.0265164988052878	0.1588785046728972
chr6_86319803_86319803_G_T	PD021-F0_456_pyclone	2	0.16227839716191442	0.030638867418591786	0.1111111111111111
chr6_86319803_86319803_G_T	PD021-VB14_PDX21_F1_pyclone	2	0.10513257959414328	0.03951527886000699	0.05
chr6_86319881_86319881_G_T	PD021-F2_1607_pyclone	2	0.17806708251485595	0.03262655946215769	0.16
chr6_86319881_86319881_G_T	PD021-F0_456_pyclone	2	0.14736483274542259	0.04045502151651678	0.017543859649122806
chr6_86319881_86319881_G_T	PD021-VB14_PDX21_F1_pyclone	2	0.1049341758131038	0.049374676930616056	0.05
chr6_86319892_86319892_A_G	PD021-F2_1607_pyclone	2	0.17607521377313784	0.026604019350267915	0.16363636363636364
chr6_86319892_86319892_A_G	PD021-F0_456_pyclone	2	0.15511496741101893	0.033836276628250145	0.038461538461538464
chr6_86319892_86319892_A_G	PD021-VB14_PDX21_F1_pyclone	2	0.10974132475025179	0.04786736224164063	0.06818181818181818
chr7_141756666_141756666_G_A	PD021-F2_1607_pyclone	0	0.9674847694002586	0.036339889679300956	0.7008547008547008
chr7_141756666_141756666_G_A	PD021-F0_456_pyclone	0	0.9760170721776394	0.038210806822529746	0.6666666666666666
chr7_141756666_141756666_G_A	PD021-VB14_PDX21_F1_pyclone	0	0.977934852588522	0.05640659461226117	0.28
chr7_157414016_157414016_C_T	PD021-F2_1607_pyclone	2	0.1862117173541903	0.07228282497986042	0.14545454545454545
chr7_157414016_157414016_C_T	PD021-F0_456_pyclone	2	0.1683176154059649	0.059091901746242285	0.07407407407407407
chr7_157414016_157414016_C_T	PD021-VB14_PDX21_F1_pyclone	2	0.20604469963177072	0.12514305939836268	0.15384615384615385
chr7_157414028_157414028_T_C	PD021-F2_1607_pyclone	2	0.17352625843473127	0.03315262943914989	0.1111111111111111
chr7_157414028_157414028_T_C	PD021-F0_456_pyclone	2	0.1580985709080416	0.03209734535244528	0.05263157894736842
chr7_157414028_157414028_T_C	PD021-VB14_PDX21_F1_pyclone	2	0.13629391689122045	0.08621388207823935	0.058823529411764705
chr7_22160100_22160100_T_C	PD021-F2_1607_pyclone	0	0.9277688524022545	0.10906982883485475	0.2184873949579832
chr7_22160100_22160100_T_C	PD021-F0_456_pyclone	0	0.9481092922783946	0.11282641170293999	0.40268456375838924
chr7_22160100_22160100_T_C	PD021-VB14_PDX21_F1_pyclone	0	0.9638627857336228	0.07298440036789522	0.42168674698795183
chr7_5106375_5106375_A_T	PD021-F2_1607_pyclone	0	0.9303002039407631	0.09274495129475446	0.3284671532846715
chr7_5106375_5106375_A_T	PD021-F0_456_pyclone	0	0.9609310183166255	0.08202635735620943	0.30405405405405406
chr7_5106375_5106375_A_T	PD021-VB14_PDX21_F1_pyclone	0	0.9729573355422115	0.05427996394131256	0.5342465753424658
chr7_64169686_64169686_G_A	PD021-F2_1607_pyclone	0	0.9217213933424534	0.11306843561990913	0.3548387096774194
chr7_64169686_64169686_G_A	PD021-F0_456_pyclone	0	0.9473706146738128	0.11431628284688425	0.3684210526315789
chr7_64169686_64169686_G_A	PD021-VB14_PDX21_F1_pyclone	0	0.955082883501612	0.09620748185704371	0.4
chr7_71251617_71251617_G_A	PD021-F2_1607_pyclone	0	0.9516104167957887	0.06873183508603375	0.41379310344827586
chr7_71251617_71251617_G_A	PD021-F0_456_pyclone	0	0.9647844670639079	0.08147062834965273	0.3247863247863248
chr7_71251617_71251617_G_A	PD021-VB14_PDX21_F1_pyclone	0	0.9762623255259982	0.0520683635447047	0.4536082474226804
chr7_73020341_73020341_C_T	PD021-F2_1607_pyclone	0	0.9080795959442058	0.11906594863908238	0.35964912280701755
chr7_73020341_73020341_C_T	PD021-F0_456_pyclone	0	0.9168170321845839	0.1498077875910617	0.24390243902439024
chr7_73020341_73020341_C_T	PD021-VB14_PDX21_F1_pyclone	0	0.9488008229719547	0.08728182670948481	0.43564356435643564
chr7_86781692_86781692_C_A	PD021-F2_1607_pyclone	1	0.003190250440550423	0.023405115868952622	0.0
chr7_86781692_86781692_C_A	PD021-F0_456_pyclone	1	0.004437670417454977	0.015542381249732144	0.0
chr7_86781692_86781692_C_A	PD021-VB14_PDX21_F1_pyclone	1	0.9520302606439839	0.042539949009288515	0.5365853658536586
chr8_109143477_109143477_G_A	PD021-F2_1607_pyclone	1	0.006280425986608846	0.02741780244185638	0.0
chr8_109143477_109143477_G_A	PD021-F0_456_pyclone	1	0.007612124214455323	0.03286678226682392	0.0
chr8_109143477_109143477_G_A	PD021-VB14_PDX21_F1_pyclone	1	0.9354334894899412	0.12253651019962651	0.15555555555555556
chr8_121259909_121259909_G_A	PD021-F2_1607_pyclone	0	0.7997266141185004	0.30293987625820196	0.20477815699658702
chr8_121259909_121259909_G_A	PD021-F0_456_pyclone	0	0.8010133845709537	0.31588370835278207	0.2074074074074074
chr8_121259909_121259909_G_A	PD021-VB14_PDX21_F1_pyclone	0	0.8086513379992833	0.31568586831327267	0.19718309859154928
chr8_132002553_132002553_A_G	PD021-F2_1607_pyclone	0	0.7024188155026475	0.3560432555126889	0.17391304347826086
chr8_132002553_132002553_A_G	PD021-F0_456_pyclone	0	0.7001698792595207	0.36698645632197024	0.17073170731707318
chr8_132002553_132002553_A_G	PD021-VB14_PDX21_F1_pyclone	0	0.72047244582486	0.3571277389562645	0.22448979591836735
chr8_134072482_134072482_G_A	PD021-F2_1607_pyclone	19	0.3089961933285949	0.17008670796040995	0.16114790286975716
chr8_134072482_134072482_G_A	PD021-F0_456_pyclone	19	0.2877124294939516	0.15623022077419474	0.2039045553145336
chr8_134072482_134072482_G_A	PD021-VB14_PDX21_F1_pyclone	19	0.2932125605937545	0.18371629340668574	0.15690866510538642
chr8_95746872_95746872_C_T	PD021-F2_1607_pyclone	18	0.606123901782919	0.37620601430638817	0.25892857142857145
chr8_95746872_95746872_C_T	PD021-F0_456_pyclone	18	0.5992369983568002	0.3842604042984258	0.23493975903614459
chr8_95746872_95746872_C_T	PD021-VB14_PDX21_F1_pyclone	18	0.5906096438311166	0.39352427158701775	0.14545454545454545
chr9_120845547_120845547_C_T	PD021-F2_1607_pyclone	0	0.9633484783657275	0.04672699986713885	0.44871794871794873
chr9_120845547_120845547_C_T	PD021-F0_456_pyclone	0	0.9802593104834223	0.025307526072211928	0.5344827586206896
chr9_120845547_120845547_C_T	PD021-VB14_PDX21_F1_pyclone	0	0.9845905657833753	0.042213527052505966	0.47058823529411764
chr9_132631177_132631177_G_A	PD021-F2_1607_pyclone	0	0.971030412682223	0.03072026384573946	0.5434782608695652
chr9_132631177_132631177_G_A	PD021-F0_456_pyclone	0	0.9822276658966173	0.026607376763069845	0.6
chr9_132631177_132631177_G_A	PD021-VB14_PDX21_F1_pyclone	0	0.9886525653395145	0.023202559218347508	0.47058823529411764
chr9_136628950_136628950_G_A	PD021-F2_1607_pyclone	0	0.9690510859616165	0.043978286237629095	0.4318181818181818
chr9_136628950_136628950_G_A	PD021-F0_456_pyclone	0	0.9832752068344162	0.020884992660606935	0.5877192982456141
chr9_136628950_136628950_G_A	PD021-VB14_PDX21_F1_pyclone	0	0.9892928584550645	0.02367477078157507	0.5619047619047619
chr9_137653625_137653625_T_C	PD021-F2_1607_pyclone	0	0.9323938319133539	0.09131950256370794	0.4838709677419355
chr9_137653625_137653625_T_C	PD021-F0_456_pyclone	0	0.9246727959737183	0.11741004494460575	0.4444444444444444
chr9_137653625_137653625_T_C	PD021-VB14_PDX21_F1_pyclone	0	0.8663042365894672	0.23295753543161818	0.16666666666666666
chr9_17409462_17409462_G_T	PD021-F2_1607_pyclone	0	0.973511335747023	0.01770026702505531	0.5925925925925926
chr9_17409462_17409462_G_T	PD021-F0_456_pyclone	0	0.9822253202570189	0.022307887202920203	0.5064935064935064
chr9_17409462_17409462_G_T	PD021-VB14_PDX21_F1_pyclone	0	0.9882794873078045	0.025943146279943298	0.42424242424242425
chr9_22004546_22004546_A_C	PD021-F2_1607_pyclone	0	0.963968347701568	0.03854886033089996	0.4838709677419355
chr9_22004546_22004546_A_C	PD021-F0_456_pyclone	0	0.97298069402873	0.044829718605416936	0.44285714285714284
chr9_22004546_22004546_A_C	PD021-VB14_PDX21_F1_pyclone	0	0.9795364041674793	0.04330820729249814	0.4473684210526316
chr9_66499220_66499220_C_T	PD021-F2_1607_pyclone	3	0.17136338800882792	0.0776729948681232	0.024390243902439025
chr9_66499220_66499220_C_T	PD021-F0_456_pyclone	3	0.17933435086344887	0.07343230012629129	0.13636363636363635
chr9_66499220_66499220_C_T	PD021-VB14_PDX21_F1_pyclone	3	0.3229377930043982	0.10903048735287739	0.22388059701492538
chr9_68415372_68415372_G_A	PD021-F2_1607_pyclone	2	0.1589696497778692	0.03357744504428503	0.04
chr9_68415372_68415372_G_A	PD021-F0_456_pyclone	2	0.141063196497924	0.04193125747431448	0.012195121951219513
chr9_68415372_68415372_G_A	PD021-VB14_PDX21_F1_pyclone	2	0.181532233617657	0.10181741026736102	0.09333333333333334
chr9_68433556_68433556_G_T	PD021-F2_1607_pyclone	17	0.3425770081865867	0.14931404205164536	0.18518518518518517
chr9_68433556_68433556_G_T	PD021-F0_456_pyclone	17	0.25220997853786425	0.11074514962925938	0.07272727272727272
chr9_68433556_68433556_G_T	PD021-VB14_PDX21_F1_pyclone	17	0.417337857236654	0.11194967623215141	0.27631578947368424
chr9_68433620_68433620_C_T	PD021-F2_1607_pyclone	4	0.8227962601053777	0.14674394771103533	0.40816326530612246
chr9_68433620_68433620_C_T	PD021-F0_456_pyclone	4	0.5749122633846604	0.2983572934933842	0.12903225806451613
chr9_68433620_68433620_C_T	PD021-VB14_PDX21_F1_pyclone	4	0.8581037120656407	0.1336621826732836	0.4605263157894737
chr9_72131466_72131466_C_T	PD021-F2_1607_pyclone	11	0.9213805025306863	0.05812005971153629	0.4827586206896552
chr9_72131466_72131466_C_T	PD021-F0_456_pyclone	11	0.9340494212622066	0.055036227537359206	0.56
chr9_72131466_72131466_C_T	PD021-VB14_PDX21_F1_pyclone	11	0.019398624870444876	0.02048245154775774	0.0
